Metric,Value
RMSE,0.9465736155137746
MAE,0.7492777075648308
R^2 Score,0.2905834196940684
