Metric,Value
MAP,0.6806056305849195
NDCG,0.9579940532710235
